Name,Email,Create-Time,Handle
Christopher Walker,a.dru@fvpwoblejs.tk,2010/8/4,
Sarah Lee,e.zusyxkwtv@pbphuujfgf.uy,1997/9/11,
Christopher Walker,a.dru@fvpwoblejs.tk,2010/8/4,
Christopher Walker,a.dru@fvpwoblejs.tk,2010/8/4,
Sarah Lee,e.zusyxkwtv@pbphuujfgf.uy,1997/9/11,
Christopher Walker,a.dru@fvpwoblejs.tk,2010/8/4,
Christopher Walker,a.dru@fvpwoblejs.tk,2010/8/4,
Sarah Lee,e.zusyxkwtv@pbphuujfgf.uy,1997/9/11,
Christopher Walker,a.dru@fvpwoblejs.tk,2010/8/4,
Christopher Walker,a.dru@fvpwoblejs.tk,2010/8/4,
Sarah Lee,e.zusyxkwtv@pbphuujfgf.uy,1997/9/11,
Christopher Walker,a.dru@fvpwoblejs.tk,2010/8/4,
Christopher Walker,a.dru@fvpwoblejs.tk,2010/8/4,
